1,user_1,f_name_1,l_name_1,2018-07-31 02:17:46,email_1@mail.ru,pass1
2,user_2,f_name_2,l_name_2,2018-05-24 08:40:56,email_2@mail.ru,pass2
3,user_3,f_name_3,l_name_3,2018-03-03 06:08:40,email_3@mail.ru,pass3
4,user_4,f_name_4,l_name_4,2018-10-05 06:16:08,email_4@mail.ru,pass4
5,user_5,f_name_5,l_name_5,2018-07-14 22:06:16,email_5@mail.ru,pass5
6,user_6,f_name_6,l_name_6,2018-03-07 16:27:08,email_6@mail.ru,pass6
7,user_7,f_name_7,l_name_7,2018-06-01 23:02:33,email_7@mail.ru,pass7
8,user_8,f_name_8,l_name_8,2018-07-18 00:09:27,email_8@mail.ru,pass8
9,user_9,f_name_9,l_name_9,2018-06-01 20:46:32,email_9@mail.ru,pass9
10,user_10,f_name_10,l_name_10,2018-03-10 04:15:24,email_10@mail.ru,pass10
11,user_11,f_name_11,l_name_11,2018-06-06 07:37:40,email_11@mail.ru,pass11
12,user_12,f_name_12,l_name_12,2018-05-18 22:05:56,email_12@mail.ru,pass12
13,user_13,f_name_13,l_name_13,2018-01-17 14:10:17,email_13@mail.ru,pass13
14,user_14,f_name_14,l_name_14,2018-08-29 05:29:06,email_14@mail.ru,pass14
15,user_15,f_name_15,l_name_15,2018-02-28 11:20:48,email_15@mail.ru,pass15
16,user_16,f_name_16,l_name_16,2018-06-28 07:14:47,email_16@mail.ru,pass16
17,user_17,f_name_17,l_name_17,2018-03-01 13:07:10,email_17@mail.ru,pass17
18,user_18,f_name_18,l_name_18,2018-07-30 15:51:09,email_18@mail.ru,pass18
19,user_19,f_name_19,l_name_19,2018-10-27 04:08:48,email_19@mail.ru,pass19
20,user_20,f_name_20,l_name_20,2018-08-14 17:15:16,email_20@mail.ru,pass20
21,user_21,f_name_21,l_name_21,2018-10-28 20:20:31,email_21@mail.ru,pass21
22,user_22,f_name_22,l_name_22,2018-02-25 00:11:17,email_22@mail.ru,pass22
23,user_23,f_name_23,l_name_23,2018-04-06 07:59:27,email_23@mail.ru,pass23
24,user_24,f_name_24,l_name_24,2018-08-25 01:35:19,email_24@mail.ru,pass24
25,user_25,f_name_25,l_name_25,2018-09-29 10:19:08,email_25@mail.ru,pass25
26,user_26,f_name_26,l_name_26,2018-07-24 05:51:14,email_26@mail.ru,pass26
27,user_27,f_name_27,l_name_27,2018-07-15 01:44:46,email_27@mail.ru,pass27
28,user_28,f_name_28,l_name_28,2018-06-27 22:22:33,email_28@mail.ru,pass28
29,user_29,f_name_29,l_name_29,2018-10-24 02:17:08,email_29@mail.ru,pass29
30,user_30,f_name_30,l_name_30,2018-06-12 19:32:49,email_30@mail.ru,pass30
31,user_31,f_name_31,l_name_31,2018-03-06 06:16:52,email_31@mail.ru,pass31
32,user_32,f_name_32,l_name_32,2018-03-01 01:27:27,email_32@mail.ru,pass32
33,user_33,f_name_33,l_name_33,2018-08-17 22:29:50,email_33@mail.ru,pass33
34,user_34,f_name_34,l_name_34,2018-03-14 13:45:23,email_34@mail.ru,pass34
35,user_35,f_name_35,l_name_35,2018-07-29 11:23:32,email_35@mail.ru,pass35
36,user_36,f_name_36,l_name_36,2018-09-26 17:07:32,email_36@mail.ru,pass36
37,user_37,f_name_37,l_name_37,2018-04-16 17:19:44,email_37@mail.ru,pass37
38,user_38,f_name_38,l_name_38,2018-06-25 13:45:21,email_38@mail.ru,pass38
39,user_39,f_name_39,l_name_39,2018-04-15 00:46:09,email_39@mail.ru,pass39
40,user_40,f_name_40,l_name_40,2018-09-20 23:05:53,email_40@mail.ru,pass40
41,user_41,f_name_41,l_name_41,2018-03-24 05:52:43,email_41@mail.ru,pass41
42,user_42,f_name_42,l_name_42,2018-06-29 10:19:47,email_42@mail.ru,pass42
43,user_43,f_name_43,l_name_43,2018-09-28 02:59:21,email_43@mail.ru,pass43
44,user_44,f_name_44,l_name_44,2018-05-26 10:48:45,email_44@mail.ru,pass44
45,user_45,f_name_45,l_name_45,2018-07-17 11:36:02,email_45@mail.ru,pass45
46,user_46,f_name_46,l_name_46,2018-07-12 12:38:08,email_46@mail.ru,pass46
47,user_47,f_name_47,l_name_47,2018-01-27 22:17:53,email_47@mail.ru,pass47
48,user_48,f_name_48,l_name_48,2018-05-19 11:17:27,email_48@mail.ru,pass48
49,user_49,f_name_49,l_name_49,2018-07-01 10:22:25,email_49@mail.ru,pass49
50,user_50,f_name_50,l_name_50,2018-08-07 07:06:58,email_50@mail.ru,pass50
51,user_51,f_name_51,l_name_51,2018-01-29 09:02:04,email_51@mail.ru,pass51
52,user_52,f_name_52,l_name_52,2018-09-16 07:04:37,email_52@mail.ru,pass52
53,user_53,f_name_53,l_name_53,2018-04-05 05:40:28,email_53@mail.ru,pass53
54,user_54,f_name_54,l_name_54,2018-06-29 08:11:21,email_54@mail.ru,pass54
55,user_55,f_name_55,l_name_55,2018-06-25 00:27:59,email_55@mail.ru,pass55
56,user_56,f_name_56,l_name_56,2018-02-12 02:30:37,email_56@mail.ru,pass56
57,user_57,f_name_57,l_name_57,2018-08-14 10:12:49,email_57@mail.ru,pass57
58,user_58,f_name_58,l_name_58,2018-05-19 07:50:54,email_58@mail.ru,pass58
59,user_59,f_name_59,l_name_59,2018-01-14 13:40:00,email_59@mail.ru,pass59
60,user_60,f_name_60,l_name_60,2018-04-09 23:02:05,email_60@mail.ru,pass60
61,user_61,f_name_61,l_name_61,2018-04-06 10:41:34,email_61@mail.ru,pass61
62,user_62,f_name_62,l_name_62,2018-08-30 02:52:18,email_62@mail.ru,pass62
63,user_63,f_name_63,l_name_63,2018-10-02 16:51:49,email_63@mail.ru,pass63
64,user_64,f_name_64,l_name_64,2018-01-29 10:37:43,email_64@mail.ru,pass64
65,user_65,f_name_65,l_name_65,2018-03-07 13:37:00,email_65@mail.ru,pass65
66,user_66,f_name_66,l_name_66,2018-08-30 13:48:10,email_66@mail.ru,pass66
67,user_67,f_name_67,l_name_67,2018-02-28 18:53:55,email_67@mail.ru,pass67
68,user_68,f_name_68,l_name_68,2018-07-17 00:11:43,email_68@mail.ru,pass68
69,user_69,f_name_69,l_name_69,2018-03-29 06:23:38,email_69@mail.ru,pass69
70,user_70,f_name_70,l_name_70,2018-03-13 22:43:56,email_70@mail.ru,pass70
71,user_71,f_name_71,l_name_71,2018-03-13 03:41:05,email_71@mail.ru,pass71
72,user_72,f_name_72,l_name_72,2018-07-03 05:47:46,email_72@mail.ru,pass72
73,user_73,f_name_73,l_name_73,2018-07-02 02:11:36,email_73@mail.ru,pass73
74,user_74,f_name_74,l_name_74,2018-02-22 06:57:35,email_74@mail.ru,pass74
75,user_75,f_name_75,l_name_75,2018-10-21 11:52:44,email_75@mail.ru,pass75
76,user_76,f_name_76,l_name_76,2018-09-17 05:54:53,email_76@mail.ru,pass76
77,user_77,f_name_77,l_name_77,2018-09-12 22:37:08,email_77@mail.ru,pass77
78,user_78,f_name_78,l_name_78,2018-03-05 21:32:49,email_78@mail.ru,pass78
79,user_79,f_name_79,l_name_79,2018-04-10 19:17:16,email_79@mail.ru,pass79
80,user_80,f_name_80,l_name_80,2018-01-16 23:00:21,email_80@mail.ru,pass80
81,user_81,f_name_81,l_name_81,2018-02-26 14:58:21,email_81@mail.ru,pass81
82,user_82,f_name_82,l_name_82,2018-03-19 05:36:30,email_82@mail.ru,pass82
83,user_83,f_name_83,l_name_83,2018-03-06 01:24:57,email_83@mail.ru,pass83
84,user_84,f_name_84,l_name_84,2018-01-29 16:20:56,email_84@mail.ru,pass84
85,user_85,f_name_85,l_name_85,2018-01-26 22:36:43,email_85@mail.ru,pass85
86,user_86,f_name_86,l_name_86,2018-09-26 14:54:50,email_86@mail.ru,pass86
87,user_87,f_name_87,l_name_87,2018-07-04 06:48:58,email_87@mail.ru,pass87
88,user_88,f_name_88,l_name_88,2018-04-28 05:32:50,email_88@mail.ru,pass88
89,user_89,f_name_89,l_name_89,2018-05-27 19:36:04,email_89@mail.ru,pass89
90,user_90,f_name_90,l_name_90,2018-07-18 23:20:57,email_90@mail.ru,pass90
91,user_91,f_name_91,l_name_91,2018-07-15 08:07:39,email_91@mail.ru,pass91
92,user_92,f_name_92,l_name_92,2018-02-22 01:56:04,email_92@mail.ru,pass92
93,user_93,f_name_93,l_name_93,2018-01-15 21:30:24,email_93@mail.ru,pass93
94,user_94,f_name_94,l_name_94,2018-08-06 01:56:31,email_94@mail.ru,pass94
95,user_95,f_name_95,l_name_95,2018-05-24 02:03:02,email_95@mail.ru,pass95
96,user_96,f_name_96,l_name_96,2018-10-27 20:00:18,email_96@mail.ru,pass96
97,user_97,f_name_97,l_name_97,2018-02-16 17:21:59,email_97@mail.ru,pass97
98,user_98,f_name_98,l_name_98,2018-07-04 09:32:29,email_98@mail.ru,pass98
99,user_99,f_name_99,l_name_99,2018-09-05 13:01:32,email_99@mail.ru,pass99
100,user_100,f_name_100,l_name_100,2018-02-25 17:13:38,email_100@mail.ru,pass100
